0.523,0.028000000000000014
0.5231167773167673,0.023168662047449336
0.5231167773167673,0.032831337952550735
0.5234668365282351,0.018348607908548517
0.5234668365282351,0.03765139209145155
0.5240493600548949,0.013551095043077882
0.5240493600548949,0.04244890495692214
0.5248629873860586,0.008787328264629208
0.5248629873860586,0.04721267173537084
0.5259058182573948,0.004068433571244253
0.5259058182573948,0.05193156642875581
0.5270326946937757,0.026283803986460474
0.5271754170890833,-0.0005945678398688322
0.5271754170890833,0.05659456783986883
0.527186466351915,0.035245733475171535
0.5272389092646144,0.021008773709604002
0.5280934977820628,0.03089969826844215
0.5282415765419141,0.04412252751873645
0.5283499417108737,0.01643193489557126
0.5286134090263693,0.03974997719578259
0.5286527862911532,0.012139353236487745
0.5286688186742257,-0.005190785312852814
0.5286688186742257,0.06119078531285282
0.5293887761483438,0.007193504264978922
0.5295400857204845,0.048734343631860806
0.5303825351042223,-0.009709484168831939
0.5303825351042224,0.06570948416883207
0.5307198472251102,0.023588777598642988
0.5308268142668277,0.0026926227976855747
0.5308721338749927,0.053239936970166345
0.531486408230728,0.03553430992708821
0.5319071252956882,0.027874615463939944
0.5321342398529402,0.01919288613289569
0.5323030982947283,0.04425396636053682
0.5323125639149454,-0.014140110777252867
0.5323125639149455,0.07014011077725295
0.5325292228518929,-0.001494642764022838
0.5326908187994169,0.010528636949296283
0.5328194393651897,0.057428493565491595
0.5330018753806081,0.06175248381048627
0.5334570681202716,-0.00562417793394419
0.533612375900619,0.014882184491643758
0.533692119376502,0.03998628020770979
0.5337011417322353,0.03182068793538525
0.5340780627977012,0.048945496898356124
0.5342945025575239,0.006180600589049816
0.534454397434679,-0.018472317204376847
0.534454397434679,0.07447231720437687
0.5350641389664176,0.023497800481220195
0.5350737072759617,-0.010336378881429891
0.5351301544166922,0.06608196942540209
0.5358833752106082,0.05330319305558105
0.5360287646280012,0.001956081502120745
0.5364481203704214,0.036033740289541996
0.5367198611123543,0.04453521451387642
0.5368030333119951,-0.022695985381359012
0.5368030333119951,0.07869598538135907
0.5368181973939451,0.027799811970146363
0.5368437070642328,0.01901278451125236
0.537034528669769,0.010676387708492972
0.5371284551161667,0.06136677479930355
0.5372133572004392,0.07030398882893898
0.5372783657553976,-0.014567422043096516
0.53771656419009,-0.006453461035476513
0.53807067987384,-0.002140509146606055
0.5383297514433165,0.057225902448552364
0.538775602063925,0.04033097442371624
0.5388283761349256,0.049008934431576154
0.5388812836084537,0.014876848899664147
0.5389043557100539,0.0319734243209861
0.539028082846999,0.0062523132039799855
0.5393529861989773,-0.02680125073546698
0.5393529861989773,0.082801250735467
0.5394289832734043,0.07445250126560732
0.5395199319120211,-0.018682907462771937
0.539592362846433,0.023397966327611926
0.5396925844855294,0.06579175633958616
0.5400068014989159,-0.01057439482098929
0.5410491114813196,0.0020039090546476158
0.5410550479984241,0.05317507568684326
0.541422042867017,0.03620302341131818
0.5414560157130037,0.044691663610981626
0.5416824818028279,0.027755422034551665
0.5417057557843565,0.010598553012422879
0.5417119028066293,0.01907873175995072
0.5417653835173316,0.06138905258310461
0.5418135536525903,0.07850894361288974
0.541902449582462,-0.022698163304111143
0.5420130584792958,0.07010414364047073
0.5420767696577818,-0.005967998496395206
0.5420983005625053,-0.030778525229247306
0.5420983005625053,0.08677852522924732
0.5422906353998428,-0.014663274085208624
0.543555027843157,-0.001848234014004871
0.5436160950529721,0.05723146232661598
0.5437749392849711,0.04897357459192477
0.5438008219348764,0.04046191698679993
0.5438851027804562,0.006281799310016125
0.543929392491174,0.03200702382920314
0.5439468269251311,0.014861613124517293
0.5443064196250754,0.02343455954251068
0.5443594843331118,0.08246014668311491
0.5443941664159114,0.07430699718881072
0.5444261191000835,0.06574704722317673
0.5444381802440852,-0.02660946161105845
0.5446255292776689,-0.018731179047739663
0.5446983752412707,-0.01025459196892815
0.5450325645936778,-0.034618519753831345
0.5450325645936778,0.0906185197538314
0.5461816650989713,0.05313599659877979
0.5462236189009273,0.002209096070610568
0.5463529143152167,0.044721017942141325
0.5463790494414291,0.036253179775171784
0.5465186559595382,0.010605862846711894
0.5465677411237565,0.027760430281569045
0.5465885153709961,0.019129060906998896
0.5466038539203841,0.06144764215010687
0.54683515962432,-0.005932747894947264
0.5468849635068818,0.0700461989316274
0.546905710535002,0.07843114825383463
0.5470350336960801,0.08632604075379507
0.547099247668726,-0.022763225615991197
0.5471018956292876,-0.030438496576643513
0.5471516215553975,-0.01448557129569673
0.5481489251828898,-0.03831226582407947
0.5481489251828899,0.09431226582407955
0.5487563877237078,0.057282030398465356
0.5487722315812772,0.04895112999448154
0.5487993847221359,0.04049014014304325
0.5488122755240078,-0.001802989773028699
0.548872428916091,0.006413569116067206
0.5489009456472385,0.03202091812064761
0.5489254766087289,0.014889251193562804
0.5491108950704445,0.023455386649537883
0.5492593421838955,0.06576581356123712
0.5493718671802772,0.07428278794989046
0.5495113635863095,-0.010210482765278554
0.5495418466160494,0.08254996271178092
0.5496155745733041,-0.01866503647870767
0.5497040555175096,-0.02680849992854463
0.5497742793952003,0.09027724959096121
0.5498156953325943,-0.0343699319609249
0.5512488128853251,0.05314063669208288
0.5513062231949875,0.04472384113328333
0.5513364975205457,0.002301319959376815
0.5513393989451675,0.03626206696881684
0.5514348031914665,0.010677170801019807
0.5514401039255878,-0.04185113652489367
0.5514401039255878,0.09785113652489366
0.5514655376680805,0.02775704452319004
0.5514821783551253,0.019169664291611488
0.5515216228635621,0.06152275759847644
0.5517253170302864,-0.005972639025210966
0.5517878231679401,0.07007110553429344
0.5519279240946402,0.07852745838708695
0.5520440831975444,-0.014476991485906178
0.5521487458565294,-0.02285251183071081
0.5521622612293005,0.08692382802190246
0.5522896633579455,-0.031115796266419533
0.5534471318248355,0.09260134565907954
0.5535078454376816,-0.036722638303447505
0.5537709143932348,0.04894857062802539
0.5537836729570879,0.040494516472723334
0.5538110688015265,0.057342288322445464
0.5538537767384439,0.03201538335167477
0.5538770851170173,0.006490499495157285
0.5538903521776367,0.014938362876723744
0.553923727294552,-0.0018235158995347166
0.5539729090532314,0.02347019408427355
0.5541425636377304,0.06583250134350668
0.55430731594781,0.07438767730737943
0.554377850994955,-0.010254044078036963
0.554436493960444,0.08298817700707475
0.5545545160809083,-0.01875344317861903
0.5546332859545627,-0.027255421776363458
0.5548984141213202,-0.04522686665977732
0.5548984141213203,0.10122686665977737
0.556122021243648,0.09636633272754765
0.5561850604528574,-0.04045457991509057
0.5562701532869522,0.053166594928821476
0.5562749005038508,0.04472656089066168
0.556298293393055,0.03625733315684843
0.5563588862529663,0.0880953900447287
0.5563794164264096,0.02775160708452863
0.5563834799141687,0.002321834443471132
0.556386454521609,0.010724148772620285
0.5563999943568806,0.01920490339534384
0.5564581139163545,0.061606956599453366
0.556501438681117,-0.032323596302147
0.5566509254120147,-0.006047237925906335
0.5566758605763252,0.07017447117147342
0.5567714833163294,0.07884328916722895
0.5569227687651098,-0.01457019055933913
0.5570052794802784,-0.023168238021326643
0.5585157787263829,-0.048431572054584815
0.5585157787263829,0.10443157205458482
0.5586184865198596,0.09224818747939065
0.558731857964721,-0.03643915163043858
0.5587565985549511,0.04049403720183903
0.5587566797946791,0.048960835785950445
0.5588015166505741,0.032006900694802026
0.5588118641267713,0.057406330408205475
0.5588491689791653,0.014969225613956114
0.5588672738336414,0.006515357928052661
0.5588741059654512,0.023481146740367206
0.5589494283797691,-0.0018762450084162685
0.558957783575386,0.08359333566844476
0.5590300866926428,0.06593330082442088
0.5591374056200595,0.07459849532278541
0.5591569043870944,-0.02789509931789698
0.5592531266486992,-0.0103554330405251
0.5593210435790349,0.09995979757543039
0.5593681971540653,-0.04403128899435081
0.5593834363879026,-0.018970418242890388
0.5612340777350482,0.08790605453669427
0.5612414932876876,0.04473376314618641
0.5612544639469366,0.036251865123151886
0.5612573904069338,0.05320312599559652
0.561307184331208,0.02774726639809584
0.5613319004844985,0.019223027959367117
0.5613435695402086,0.010739861609032756
0.5613814352853234,0.002299902212661285
0.5613843683331373,0.06169596519784958
0.5614019347893068,-0.032178961199228424
0.5614095381732256,0.09634078354413457
0.5614499812143311,0.07915019791205154
0.5615140190358449,-0.040481873170771
0.5615166848436614,0.07031941499461022
0.5615700700066654,-0.006144679615708918
0.5616793641977584,-0.02351053525762533
0.5617537180527076,-0.014730145148379633
0.5622837492181288,-0.051457767971375426
0.5622837492181288,0.1074577679713754
0.5633438894956599,0.10177477389988414
0.563401556898483,-0.04587238873946939
0.563642988987688,0.0921554680074113
0.5637199386525298,0.0404957032424464
0.5637263271217248,0.04898134365950895
0.5637484312085216,0.032000213141656624
0.5637713807578387,0.0834973057458004
0.5637749631348654,0.057470086318217796
0.5637967425812828,0.023484018513644685
0.5637968554516137,-0.03638274035362974
0.5638021299881357,0.014977958814801432
0.5638367194604067,0.006505170086451881
0.5639002750473283,0.06604022443583447
0.5639041783539352,0.07476225310357436
0.5639202837085767,-0.001947630616896019
0.5639813936327411,-0.02784066626324114
0.5641110797581425,-0.010483227450472792
0.5641400908703244,-0.01917078723595131
0.5658428834934783,0.09690984924436213
0.565964374568376,-0.04111290520524481
0.5661125173994666,0.08778980935414489
0.5661935253268844,-0.05429838658936563
0.5661935253268844,0.11029838658936562
0.5662003121957371,0.044745187968768446
0.5662071695828763,0.03624903246743571
0.5662189478514221,0.05324229941212158
0.5662428256901291,0.02774172361877496
0.5662695044603929,0.019225412872152417
0.5662712571702986,0.07910572289875635
0.5662939715237818,0.06177558194678544
0.566294712908639,0.010731568611075283
0.5663096095136655,-0.03210574158602
0.5663412949684791,0.07041829452932431
0.5663438952449611,0.0022553089184872985
0.5664495469231261,0.10517759311274745
0.5664704236514451,-0.006246928140345796
0.5665010576222871,-0.023509304956380955
0.5665090307707785,-0.04924586846565695
0.566563689026987,-0.01486460139270588
0.5683362948862599,0.09221990847551804
0.5684343090705355,0.1007543673997126
0.5685124394042521,-0.03652201535003855
0.5685501422985988,-0.04491978061833957
0.5686250096956876,0.08340486144920373
0.5686750438065673,0.0405001729926113
0.568681498072433,0.0490045270014476
0.5686941071164987,0.03199473062603211
0.5687136172149763,0.05752438100909204
0.5687291692052556,0.023479467119693443
0.5687484040172175,0.014969943214229531
0.5687499220649146,0.07474850785239974
0.5687700212780556,0.0661089889150142
0.5687873188939749,0.006475483015178152
0.5688492852882199,-0.027799468277605495
0.5688561213347336,-0.0020218020980175564
0.5689654167365071,-0.010585021738567698
0.568976745114318,-0.019198228495759456
0.5701594706182193,0.10828139708803898
0.5702037454690329,-0.052336153971387925
0.5702359755893868,-0.05694679351215212
0.5702359755893868,0.11294679351215212
0.5707770749791227,0.0962216894001058
0.5709170806250784,0.08772446839315776
0.5709497719873423,-0.04049613658499878
0.5711317433466404,-0.03211846375565435
0.5711361546145008,0.07904562557008077
0.5711508191495797,0.044758177769903575
0.5711556767612898,0.036248054420426036
0.5711637142554603,0.05327631890702717
0.571181380697409,0.027734464282706907
0.571200455241672,0.061826070920662564
0.5712075916439142,0.019216833935920725
0.5712136351598217,0.07042353664962146
0.5712370877604637,0.010709384416102486
0.5712828744071193,0.002204582482487729
0.5713638971318755,-0.006326794090901966
0.5713646471425935,-0.0234983107100988
0.5714209746392038,-0.01490698491006763
0.571622474007147,0.10445681600465322
0.5717282189820534,-0.04857151471944204
0.5733016391687011,0.09182618447138623
0.5734768576463055,0.10005928097108582
0.5734865250188457,0.0833287030719066
0.5735183925928491,-0.036210434329817145
0.5736232728172501,0.040505589181060175
0.5736265299412338,0.04902500191476153
0.5736331142085719,0.07471640875262531
0.5736375129786383,0.03198964987626181
0.5736433830515636,0.05755960247685514
0.5736570301977492,-0.04428648914773009
0.5736646605974285,0.023469865138883956
0.5736677374606589,0.06612465614837568
0.5736882372221452,0.014952440734172796
0.5737133490905583,-0.02778939178029118
0.5737243326981527,0.0064395230183843825
0.573776490774522,-0.0020818044631809424
0.5738465629200429,-0.010633290066844646
0.5738476538871806,-0.019208779517387985
0.5743186151307521,0.10965072346540367
0.5743752659614789,-0.05373628285377354
0.5744016586757393,-0.05939680326265176
0.5744016586757394,0.11539680326265181
0.5758595153396734,0.0957953523493318
0.5758752137849619,0.08749237628325779
0.5760046551746923,0.10441078291921232
0.5760287249633976,0.07898910729563949
0.5760934608909095,-0.04015797125299501
0.5760949649317759,0.0447694677257521
0.5760999925731971,0.036247557733349964
0.5761014857590446,0.0532993011563878
0.5761065011372523,-0.03195608917465561
0.5761146836049414,0.07041210538496155
0.5761195050020831,0.06184471297479801
0.5761198070294703,0.027725929242430027
0.5761438096955732,0.019202468635727134
0.5761474806739165,-0.04863413416439233
0.5761721790084238,0.010682527799148299
0.576210671373952,0.0021606870586171915
0.5762467587546363,-0.023493762982874297
0.5762678695908904,-0.006373625493034595
0.5763042523413265,-0.014931210534428412
0.5778839028007444,0.11280594111188079
0.577943239193127,-0.0568584860112428
0.5783604000183726,0.09155724905721008
0.5783714445298731,0.09993453403689151
0.5784387460131729,0.08319169866550714
0.578544156620437,0.074683139531622
0.5785664690650937,0.040509964319043766
0.5785667702285499,0.049039140982147775
0.578575933481394,0.0575759826874576
0.5785782084827256,0.03198448080194213
0.5785844800739859,0.06612605458041255
0.5785987376621857,-0.04430816754446925
0.5786000240763567,0.02345787383547043
0.5786084011908834,-0.03601829125648593
0.5786231405352553,0.014931875490564211
0.5786544150745304,0.006406717710231217
0.5786624304618341,-0.027706684887441005
0.5786808454400758,-0.06164269372957036
0.5786808454400759,0.11764269372957038
0.5786963331255897,-0.0021220957541666914
0.5787402747481929,-0.019215242788347856
0.5787447442634176,-0.010664596899510537
0.5787550343025168,0.10777923784281553
0.578919726449555,-0.05196006493368615
0.5808740202405419,0.09566029375313417
0.5809008626131733,0.08732456710048507
0.5809776827815762,0.07891168987250176
0.581035626893623,0.04477701834709818
0.5810376623832282,0.07039727565176383
0.5810391751515172,0.053311482922516515
0.581040884323877,0.03624648289945869
0.5810484873741747,0.06185201072975053
0.5810568396868122,0.027716926269193545
0.5810778404015968,0.019186552895046866
0.5811032260529772,0.01065741345072293
0.5811315348882131,-0.04013945227191484
0.581136330403383,0.0021280016514082737
0.5811374365719141,-0.03184850796960067
0.5811422683336193,0.10365916079133018
0.5811796367036233,-0.023456283804334434
0.581179946968743,-0.006406124612708495
0.5812061382867748,-0.014947613707387508
0.5813865688327441,-0.048013959699126564
0.5819062383497813,0.11091299906725446
0.5820815966402841,-0.05503914610488091
0.582663931739858,0.11521990977684285
0.5826870623252538,-0.05926178033654971
0.5830635416434304,-0.06367921953165823
0.5830635416434304,0.11967921953165825
0.5834010747758145,0.09144583437434756
0.5834393311508818,0.08309290408951185
0.5834908482479304,0.074643225135735
0.5835060513768668,0.04904705652957737
0.5835066492403734,0.040512233107356556
0.5835122013495752,0.05758430645775094
0.5835158301067794,0.06612314323877609
0.5835165156425048,0.03197910383797995
0.5835343154503833,0.02344567051294104
0.5835435234424273,0.09956908526943949
0.5835552381727487,0.014912539420433269
0.583582631306894,0.006380524954760819
0.5836179950290037,-0.002151724322738553
0.5836496539389797,-0.027650102704161836
0.5836506589121225,-0.035992448092650314
0.583655712212365,-0.010687001319890551
0.5836653169726087,-0.01920566423937405
0.5838236348371514,-0.044049737512138275
0.5841160572590498,0.10726029333190432
0.5843992994789778,-0.05153771778728895
0.5859332282753588,0.0872502466428089
0.5859595016055987,0.0788584276116291
0.5859749833115413,0.04478098165900345
0.585978028966398,0.053318398399893746
0.5859794997764621,0.03624445592549032
0.5859828241841314,0.07038030993965202
0.5859854481785687,0.06185518428359192
0.5859924352257129,0.027708231517214764
0.586005307750913,0.09546653881753683
0.5860104104821318,0.01917176467756703
0.586032941804981,0.010636551535147901
0.5860621731855745,0.002102710293622165
0.5860988253843677,-0.006430318810781664
0.586128641565684,-0.014954533088210152
0.5861395317838692,-0.023433667156991342
0.5861521503440993,-0.03182811108505241
0.5862791042266621,-0.04003314276256529
0.5863846961112409,0.10343766619781754
0.5864022386752541,0.11199762073190156
0.5866480035272519,-0.056195059309657056
0.5867214916590925,-0.04787564325024517
0.5872814935129121,-0.06082640398011643
0.5873032442864554,0.11678271518547308
0.5875395112957464,-0.06550162426854148
0.5875395112957464,0.12150162426854148
0.5884453270079846,0.04051262007636354
0.5884453422891354,0.04905165077887801
0.5884519153095283,0.057589404681158245
0.5884520711114731,0.08305176762751722
0.5884531931909781,0.03197370990604904
0.5884587914737701,0.07461883292488342
0.588460086919387,0.06611921543827674
0.5884677339932175,0.02343459901898195
0.5884862446161931,0.01489616210733313
0.5884956880560978,0.09135084451759312
0.5885106307834947,0.006359548656529007
0.5885422485456886,-0.0021746219226074295
0.5885789291809701,-0.01070254817346537
0.5886085870045347,-0.019204211079259098
0.5886366054605497,-0.027644693016554683
0.5887112434139168,0.09947329877801751
0.5887292469045189,-0.03595081271558786
0.5888240455695686,0.10800537999363191
0.5890383000213395,-0.0440473398360176
0.589197560510686,-0.052411567018494885
0.5907639488303282,0.1128759356082665
0.590913782655028,0.044782982108556475
0.5909168446247026,0.03624179306121399
0.590918116113519,0.05332307200290592
0.5909271075138425,0.02770039442740316
0.5909289521024474,0.061857589080820584
0.5909408192956789,0.07037313309973166
0.5909423620987004,0.019159167736770143
0.5909516189505265,0.07884175765677867
0.5909623869392205,0.010619529881874517
0.5909890204612434,0.0020825660717906282
0.5909900784161898,0.08721240366579712
0.5910240075095523,-0.006449062799494238
0.5910627530036561,-0.014965234525975406
0.5911031193985745,-0.02344123475622036
0.5911219537056515,-0.057267125264464265
0.591124364885462,0.09544837825747256
0.5911811881521183,-0.03182573735757791
0.5912130466564948,0.10387950103643705
0.5913886074423175,-0.04006967479454603
0.5916007380207544,-0.048504688939677014
0.5917086989049988,-0.06199896645214095
0.5918337332578925,0.11764176013043717
0.5920983005625052,-0.06710565162951536
0.5920983005625052,0.12310565162951535
0.5933832063775799,0.04051210401731734
0.5933847817071478,0.04905479591171917
0.5933889910917373,0.0319686710953645
0.5933942839402071,0.05759389248986191
0.5934007683046861,0.02342518085396044
0.593405186163799,0.1084756265572295
0.5934111905819522,0.06612121783305423
0.5934169538220047,0.014882686413731194
0.5934333071050975,0.07461790199013141
0.5934390010222883,0.00634256045661184
0.5934691526822022,-0.0021931586989489423
0.5934746357932795,0.08304680764525986
0.5935087505183836,-0.010719085316503583
0.5935554385773391,-0.01922040094591277
0.5935723029766256,0.09137495118921224
0.5936270322634382,-0.027662810980878243
0.5936456502768834,0.09976758991094212
0.59377720459785,-0.036011940508689555
0.5938387040532752,-0.05324483235997366
0.5939462488880495,-0.044442213021977775
0.595158395618899,0.1130425499460888
0.5953597925643447,0.12006923941968521
0.5956529096017471,-0.05806881368279814
0.5956644190173971,-0.06368312350013441
0.5958522358022355,0.044784199078683445
0.5958535115303735,0.03623910889977038
0.5958589305636556,0.05332728208669405
0.5958613855664656,0.027693699291393398
0.595874176355441,0.019148783221178148
0.5958752765313944,0.06186339596332285
0.5958919583406629,0.010605672948712896
0.5959018807935794,0.07038082549647613
0.5959169118111823,0.0020659615244693597
0.5959458196328794,0.07885442950510704
0.5959522401702165,-0.006467149373539592
0.5959912115322208,0.10421867600311605
0.5959990433310483,-0.014985735738394812
0.5960278248143596,0.08725698690165645
0.5960656733368009,-0.02346884116855091
0.596104682044455,0.09566281860329882
0.5961827826165075,-0.03189281925334386
0.5963188831324718,-0.04899379629232148
0.5963263684946346,-0.04034321402737451
0.5967292621801413,-0.06848755533435516
0.5967292621801413,0.12448755533435515
0.5975324017436477,0.11653876402305988
0.5981069461739251,0.10866790412657489
0.5983205937209657,0.040511415472385
0.5983240855316592,0.049057647257486174
0.598324392067029,0.03196433076646281
0.5983337530539309,0.023417437138624535
0.5983371390660178,0.05760019115524341
0.5983476968106282,0.01487173766206909
0.5983626983455677,0.06613227915923633
0.5983677397534819,0.006328546801327482
0.5983969953063294,-0.0022101801951446686
0.5984058132584662,0.0746383839424661
0.5984391769438024,-0.010740404448627843
0.5984489207238654,-0.053549945939658915
0.5984789146547111,0.08309837786759351
0.598499478104953,-0.019250859883489433
0.5985344525104477,0.10004430242974718
0.5985613932469809,0.09154127963123808
0.5985950074111721,-0.02772659836669822
0.5987192345024558,-0.036207618199478514
0.5987720512321318,-0.04479072633630557
0.5990421198041493,-0.06088334398626487
0.6000618001979547,0.12096980775012117
0.6003395044742831,0.112682517577272
0.6004795491382026,-0.06527337938941609
0.6007898078681653,0.03623680889391944
0.6007902536828167,0.04478535145075673
0.6007955761075188,0.027688229349708493
0.6007992182391763,0.05333239256879637
0.600806073856607,0.019140406084426603
0.6008203467464078,0.06187431960909908
0.6008216576839536,0.010594358046085182
0.6008397608152991,0.10444218090439039
0.6008448658967627,0.002051284837460987
0.6008589042249243,0.0704027744867632
0.6008798881334053,-0.006486855593550014
0.6009234812087548,0.07890479173285217
0.6009318811873943,-0.01501497296203429
0.6010067362855972,0.08738952105272232
0.6010107633855428,-0.023525162921928792
0.601039062877972,0.09589416752514934
0.6011038737139499,-0.04924329173117424
0.6011172682062409,-0.032036020460901544
0.6011520622831805,-0.05713395095978553
0.6012005340353701,-0.04060072455111775
0.6014215803232194,-0.0696441078829272
0.6014215803232194,0.1256441078829272
0.6025077110734601,0.11704966753669534
0.6031523449845752,0.10865886135038542
0.6032575501310965,0.040510960056214504
0.6032596387136195,0.031960837523514904
0.6032625705978777,0.049060936241486906
0.6032668411577687,0.02341127284154307
0.6032780826657451,0.057609149575708896
0.6032785151605274,0.01486294586597844
0.6032962814428431,0.006316616117489113
0.6033094277638448,0.06615178074850253
0.6033236940294009,-0.0022269258153972903
0.6033638982980164,0.07468260043634901
0.6033660457291313,-0.010766032800737568
0.6034302257940664,-0.019298025294214354
0.603441435348719,0.08320397064410355
0.6034459338933956,0.1002730562586088
0.6035060997799013,0.09173263243883639
0.6035193863537096,-0.027832713653915434
0.6036104855703872,-0.03639984425064618
0.6036260354511367,-0.04500779975378141
0.603678250772745,-0.053259808414341074
0.603751339817985,-0.06155983576414533
0.6046124726711664,0.12181371206888306
0.6052402564316051,0.11304835129323858
0.6053076462351755,-0.06610182694029797
0.6057258413295963,0.03623506705547992
0.6057275243173688,0.0447868029763801
0.6057298111173044,0.027683963516946044
0.6057376244594134,0.05333871893343709
0.6057380863081185,0.019133829403531158
0.6057511771366954,0.01058509494147732
0.6057608759193983,0.061889686599542526
0.6057716946452266,0.0020379323201065542
0.605803788003334,0.0704380205514472
0.6058042490903353,-0.006507750342354928
0.6058325470542802,0.10458610516614734
0.6058546930529247,-0.015052587978577477
0.6058703107901052,0.07898678902391702
0.605926845520897,-0.023603643199167336
0.6059454589939189,0.08754400526533537
0.6059665846969121,0.09610706300239373
0.6060120362766545,-0.032179159014047096
0.6060746590848137,-0.040784674570411746
0.6061574060347608,-0.04923216762112743
0.60616011539916,-0.05761203873199697
0.6061642958652961,-0.07057260809316508
0.6061642958652962,0.1265726080931651
0.6071971803898644,0.1177084096218915
0.6081018733283071,0.10897832968874917
0.6081939833133426,0.04051088287936499
0.6081948176678922,0.03195821310942176
0.6081995432470902,0.04906470935894159
0.6082000558542886,0.023406574860737037
0.6082092590907914,0.014856045082558025
0.6082152235395328,0.05762001987667287
0.6082239753962848,0.006306496520730211
0.608246639559839,0.06617781110562246
0.6082476870319609,-0.0022429335202915394
0.6082854531050559,-0.01079454913797387
0.6082988097146169,0.0747425991613298
0.6083413254775291,-0.01935499428932368
0.6083692407472078,0.08332370447937593
0.6084063901801869,0.10046989412555472
0.6084134458923768,-0.02793758843513117
0.6084283619487886,0.0919176074185013
0.6084653460100863,-0.062224307422537886
0.6084874411863896,-0.03654935545485695
0.6085818009338848,-0.045105186344708385
0.6086495151312267,-0.05362655665511494
0.6091611842661147,0.122522553959825
0.6099446143384325,0.11352330381734058
0.6101451444426549,-0.06683070765812422
0.6106616096025026,0.036233903359223676
0.610663752759469,0.044788489037028714
0.6106641143706337,0.027680840173384808
0.6106701334205357,0.019128907313070608
0.6106731911865871,0.05334556874211525
0.6106801806141262,0.010577765944412166
0.6106943254376154,0.061907415483165536
0.6106965705996258,0.002026323338448615
0.61072324052998,-0.006528254951456413
0.6107320576821804,0.07047961556646583
0.6107641536548398,-0.015092531085278787
0.6107765008823844,0.10488317547837643
0.6107883167217324,0.07907231942350908
0.6108204062182107,-0.023678035332109302
0.6108553311592908,0.08769349686827357
0.6108876991366404,-0.03229429299628935
0.6108966594437142,0.09630724305892174
0.6109463319744677,-0.0712708874098054
0.6109463319744677,0.1272708874098054
0.6109761419523176,-0.04090832307413735
0.611018150331996,-0.05818949632196791
0.6110679725767313,-0.0495289128122302
0.6117708048043952,0.11825236903249028
0.6130000502411942,0.10935445924190011
0.6131298099203865,0.04051108895090536
0.6131299358227544,0.03195641492281792
0.6131333506933548,0.023403253911067116
0.6131346158778919,0.04906841873857706
0.6131397652191838,0.014850981263051007
0.6131474383520975,0.05763102659159099
0.6131504290337778,0.006298508552239819
0.6131680401216626,-0.002256885863659575
0.6131723480640481,0.06620473158289165
0.613195964870254,-0.010821261764407304
0.6132125117927523,0.07480000830965011
0.6132308895412749,-0.0628443914304936
0.6132363179288725,-0.019405221339912813
0.6132674064121795,0.08342938948945948
0.6132890635751478,-0.028020439179472265
0.6133281991651067,0.10074185859955531
0.6133301249662725,0.09209242488579905
0.6133609955216036,-0.03666053631201323
0.6134475745498389,-0.04533722738617288
0.6134875518990011,-0.05407430223560371
0.6137232410985235,0.12303485959850015
0.6145248125031997,0.11390550290466088
0.6151220952298049,-0.06740003451920613
0.615597107966428,0.0362332302858549
0.6155984594609626,0.027678795588804574
0.6155988579515227,0.04479003029750477
0.6156021308151804,0.019125599170324633
0.6156056048338826,0.053351638052895965
0.615608506926369,0.010572583092661974
0.6156191804434297,0.002017405042624524
0.6156202324166741,0.06192339367545253
0.6156365598771283,-0.006545100600027341
0.6156456690315165,0.07051518965848949
0.6156627338139036,-0.01512433366114805
0.6156835961569387,0.0791411463014893
0.6156903823714118,0.10522142144449571
0.6156989458176408,-0.023732808634788553
0.6157339989132691,0.08781352674288927
0.6157501302305296,-0.03237756311285385
0.6157565199838237,-0.07173731496914912
0.6157565199838237,0.1277373149691491
0.6157845030701946,0.09653948680465156
0.6158170566132979,-0.04107528037204917
0.6158213258729526,-0.058693951810329714
0.6158771806230201,-0.04985189721366258
0.616277399682695,0.11865003632421212
0.617941922302667,0.10969672943748335
0.6180649893866725,0.0319553734015166
0.6180650770204253,0.04051135225625264
0.6180666736751358,0.023401268426040418
0.6180678734860823,0.049071220487872026
0.6180699819394861,0.01484785723214862
0.6180750652418876,0.05763944135942624
0.6180756190293789,0.006293267796033833
0.6180781667599384,-0.06330482728881473
0.6180850064544228,-0.002266681814851096
0.6180886946432269,0.06622459312024292
0.6180996624835946,-0.010839817344949442
0.6181104717481735,0.07484019540368841
0.6181207105837269,-0.019437872993043104
0.6181419425734752,0.08350302647395177
0.6181513028328857,-0.028073471499969256
0.6181812333500984,0.09223293165241042
0.6181938685170263,-0.036767028393508205
0.6182099351185403,0.10104400824608557
0.6182413403097059,-0.04554647010617422
0.6182590910924357,-0.054424235659656824
0.6182821788331069,0.12348050552901237
0.6189532810132256,0.11419701240247415
0.6203188040284324,-0.06772540150040245
0.6205323960234962,0.036232929874519315
0.6205328189696304,0.027677784382858506
0.6205330684954338,0.044790965005774425
0.6205340547785033,0.019123931546377093
0.6205355161933812,0.05335528472956735
0.6205362473069845,0.010569868771071475
0.6205399581126988,0.002012460396865829
0.6205407244509833,0.06193282845985871
0.620545976278795,-0.0065546094731522425
0.6205496383134339,0.07053526336986184
0.6205548547857394,-0.01514128516611125
0.6205632872475166,0.0791791800209212
0.6205679325894167,-0.02376073230583873
0.6205821830031915,0.0878874155905828
0.6205836254763868,-0.0719708014080193
0.6205836254763868,0.1279708014080193
0.6205869932351475,-0.03243391231590402
0.6206027866489243,0.0966872355110806
0.6206097899064944,-0.05900046524361685
0.6206100178653664,0.10559760876084265
0.6206111003003894,-0.04119007611039865
0.6206313229361251,-0.05005316132465429
0.6206735182833982,0.11920055924290984
0.6229999999999486,0.11017982146550218
0.6229999999999514,0.10115767662747008
0.6229999999999519,0.11490797956711422
0.6229999999999668,0.0922886928241105
0.6229999999999815,0.12364417092800817
0.6229999999999847,0.08353066102857133
0.6229999999999974,0.07485435100669043
0.6230000000000011,0.02340060736144453
0.6230000000000012,0.031955032717040914
0.6230000000000014,0.014846798011197907
0.6230000000000016,-0.04562897022422197
0.6230000000000017,-0.05455610588120213
0.6230000000000018,-0.03681121104699508
0.6230000000000019,0.0062914225070081235
0.6230000000000019,0.04051146688774973
0.6230000000000021,-0.02809429495051233
0.6230000000000023,-0.019448508911600736
0.6230000000000023,-0.002270220088691037
0.6230000000000026,-0.010846435941273908
0.6230000000000032,0.04907227925199154
0.6230000000000034,0.06623186489313163
0.6230000000000046,0.05764259618492428
0.6230000000000054,-0.06349510966959666
0.6253264817165303,0.1192005592429108
0.6253686770638778,-0.05005316132465311
0.625388899699614,-0.041190076110397926
0.62538998213453,0.10559760876085089
0.6253902100935106,-0.05900046524361475
0.6253972133509922,0.09668723551109103
0.6254130067648563,-0.03243391231590362
0.6254163745236132,-0.0719708014080193
0.6254163745236132,0.1279708014080193
0.6254178169967605,0.08788741559059343
0.6254320674105879,-0.02376073230583848
0.625436712752467,0.07917918002093022
0.6254451452142656,-0.015141285166111195
0.6254503616865683,0.07053526336986853
0.6254540237212102,-0.006554609473152241
0.6254592755490251,0.06193282845986308
0.6254600418873055,0.002012460396865633
0.625463752693019,0.010569868771071219
0.6254644838066266,0.053355284729569796
0.6254659452214993,0.019123931546376843
0.6254669315045712,0.04479096500577563
0.6254671810303719,0.027677784382858478
0.6254676039765068,0.03623292987451975
0.6256811959715881,-0.06772540150040267
0.6270467189866789,0.11419701240248227
0.6277178211668564,0.12348050552901367
0.6277409089075677,-0.0544242356596541
0.6277586596902973,-0.045546470106172535
0.6277900648813642,0.10104400824610454
0.6278061314829774,-0.0367670283935072
0.6278187666498356,0.09223293165243164
0.6278486971671186,-0.02807347149996869
0.6278580574264935,0.08350302647397133
0.627879289416278,-0.01943787299304281
0.6278895282518203,0.07484019540370389
0.6279003375164105,-0.010839817344949392
0.6279113053567789,0.06622459312025367
0.6279149935455821,-0.002266681814851282
0.6279218332400703,-0.063304827288811
0.627924380970625,0.006293267796033363
0.6279249347581204,0.0576394413594328
0.6279300180605168,0.014847857232148041
0.6279321265139236,0.04907122048787551
0.6279333263248663,0.02340126842604011
0.6279349229795782,0.04051135225625417
0.6279350106133298,0.03195537340151694
0.6280580776972303,0.10969672943749813
0.6297226003172355,0.11865003632422087
0.630122819376983,-0.04985189721365984
0.6301786741270522,-0.05869395181032567
0.6301829433867057,-0.04107528037204749
0.6302154969297242,0.09653948680468179
0.6302434800161762,-0.07173731496914912
0.6302434800161762,0.1277373149691491
0.6302498697694744,-0.0323775631128528
0.6302660010866824,0.08781352674291955
0.6303010541823638,-0.02373280863478793
0.6303096176284885,0.10522142144452055
0.6303164038430431,0.07914114630151496
0.6303372661861018,-0.015124333661147777
0.6303543309684834,0.07051518965850848
0.6303634401228769,-0.006545100600027449
0.6303797675833324,0.06192339367546494
0.630380819556575,0.00201740504262401
0.6303914930736346,0.010572583092661125
0.6303943951661237,0.05335163805290305
0.6303978691848221,0.019125599170323936
0.6304011420484815,0.0447900302975083
0.6304015405390394,0.027678795588804442
0.6304028920335744,0.03623323028585615
0.630877904770208,-0.06740003451920248
0.6314751874967074,0.11390550290467778
0.632276758901442,0.1230348595985059
0.6325124481010026,-0.05407430223560012
0.6325524254501647,-0.04533722738617057
0.6326390044784003,-0.03666053631201174
0.6326698750336627,0.09209242488583873
0.6326718008348027,0.10074185859959174
0.6327109364248567,-0.02802043917947125
0.6327325935877873,0.08342938948949565
0.6327636820711326,-0.019405221339912175
0.632769110458732,-0.06284439143048924
0.6327874882072384,0.07480000830967869
0.6328040351297515,-0.01082126176440717
0.6328276519359545,0.06620473158291146
0.6328319598783426,-0.002256885863659995
0.6328495709662264,0.006298508552238853
0.6328525616479079,0.057631026591603234
0.6328602347808193,0.01485098126304988
0.6328653841221125,0.049068418738583634
0.6328666493066472,0.02340325391106647
0.6328700641772473,0.03195641492281844
0.632870190079616,0.040511088950908256
0.6329999497587088,0.10935445924192656
0.6342291951955383,0.11825236903250376
0.6349320274232723,-0.049528912812227516
0.6349818496680084,-0.05818949632196418
0.6350238580476862,-0.040908323074135514
0.6350536680255322,-0.07127088740980542
0.6350536680255323,0.1272708874098054
0.6351033405562081,0.09630724305896828
0.6351123008633638,-0.03229429299628798
0.6351446688406599,0.08769349686831915
0.6351795937817941,-0.023678035332108244
0.635211683278246,0.0790723194235475
0.6352234991175231,0.10488317547841489
0.6352358463451657,-0.0150925310852782
0.6352679423178151,0.07047961556649433
0.6352767594700258,-0.006528254951456567
0.6353034294003792,0.002026323338447707
0.6353056745623875,0.061907415483184264
0.6353198193858777,0.010577765944410783
0.6353268088134165,0.05334556874212614
0.6353298665794667,0.019128907313069335
0.6353358856293678,0.027680840173384506
0.6353362472405334,0.04478848903703408
0.6353383903974988,0.036233903359225494
0.635854855557353,-0.06683070765812174
0.636055385661482,0.1135233038173642
0.6368388157338538,0.12252255395983241
0.6373504848687772,-0.05362655665511233
0.637418199066119,-0.04510518634470648
0.6375125588136143,-0.03654935545485535
0.637534653989919,-0.0622243074225351
0.6375716380511476,0.091917607418554
0.6375865541076278,-0.027937588435129685
0.637593609819729,0.10046989412560416
0.637630759252756,0.08332370447942343
0.6376586745224763,-0.019354994289322542
0.637701190285369,0.07474259916136733
0.63771454689495,-0.01079454913797352
0.6377523129680449,-0.002242933520292209
0.6377533604401588,0.06617781110564881
0.6377760246037198,0.006306496520728761
0.6377847764604688,0.05762001987668926
0.6377907409092118,0.014856045082556262
0.6377999441457132,0.023406574860735857
0.6378004567529115,0.0490647093589505
0.6378051823321088,0.03195821310942236
0.6378060166866584,0.04051088287936878
0.637898126671606,0.10897832968878496
0.6388028196100751,0.11770840962190841
0.6398357041347038,-0.07057260809316511
0.6398357041347038,0.1265726080931651
0.6398398846008442,-0.05761203873199501
0.6398425939652429,-0.04923216762112582
0.6399253409151902,-0.04078467457041014
0.6399879637233498,-0.03217915901404532
0.6400334153030138,0.09610706300244984
0.6400545410060303,0.08754400526538991
0.6400731544791078,-0.023603643199165573
0.6401296892098686,0.07898678902396304
0.6401453069470813,-0.015052587978576485
0.6401674529456369,0.10458610516619514
0.6401957509096712,-0.00650775034235511
0.6401962119966562,0.07043802055148157
0.640228305354779,0.0020379323201052883
0.6402391240805998,0.061889686599565404
0.640248822863309,0.010585094941475269
0.6402619136918838,0.019133829403529236
0.6402623755405868,0.05333871893345057
0.6402701888826965,0.027683963516945402
0.6402724756826315,0.04478680297638672
0.6402741586704039,0.03623506705548201
0.6406923537648298,-0.06610182694029648
0.6407597435683212,0.1130483512932674
0.6413875273288067,0.1218137120688917
0.6422486601820194,-0.06155983576414407
0.6423217492272587,-0.05325980841434017
0.6423739645488669,-0.04500779975378013
0.6423895144296166,-0.036399844250644256
0.6424806136462948,-0.027832713653913117
0.6424939002200356,0.09173263243889448
0.642554066106527,0.10027305625866394
0.6425585646512413,0.08320397064415638
0.6425697742059394,-0.019298025294212564
0.6426339542708753,-0.010766032800737048
0.6426361017019641,0.07468260043639113
0.6426763059706057,-0.0022269258153981486
0.6426905722361476,0.06615178074853242
0.6427037185571622,0.0063166161174871005
0.642721484839476,0.014862945865975998
0.6427219173342522,0.05760914957572776
0.6427331588422327,0.023411272841541278
0.642737429402121,0.049060936241497245
0.6427403612863805,0.03196083752351534
0.6427424498689026,0.040510960056218764
0.6428476550153507,0.10865886135042686
0.6434922889264882,0.1170496675367144
0.6445784196767805,-0.06964410788292723
0.6445784196767806,0.1256441078829272
0.6447994659646332,-0.04060072455111594
0.6448479377168236,-0.0571339509597851
0.6448827317937629,-0.03203602046089871
0.6448961262860533,-0.04924329173117359
0.6449609371219576,0.09589416752520658
0.6449892366144623,-0.023525162921926156
0.6449932637143506,0.08738952105277903
0.6450681188126124,-0.01501497296203287
0.6450765187912142,0.0789047917329008
0.6451201118666019,-0.006486855593550203
0.6451410957750602,0.07040277448680003
0.6451551341032438,0.0020512848374592703
0.6451602391846277,0.10444218090443991
0.6451783423160513,0.010594358046082495
0.6451796532535852,0.06187431960912393
0.6451939261433953,0.019140406084423925
0.6452007817608201,0.053332392568811164
0.6452044238924813,0.02768822934970736
0.6452097463171809,0.044785351450764
0.6452101921318334,0.03623680889392145
0.6455204508618019,-0.06527337938941516
0.6456604955256577,0.11268251757730274
0.6459381998020244,0.12096980775013011
0.6469578801958549,-0.06088334398626431
0.6472279487678708,-0.044790726336304175
0.6472807654975472,-0.036207618199475204
0.6474049925888322,-0.027726598366694676
0.6474386067529577,0.09154127963129471
0.6474655474894813,0.10004430242979871
0.6475005218950534,-0.019250859883487126
0.6475210853452462,0.08309837786764639
0.6475510792761379,-0.05354994593965868
0.6475608230562052,-0.010740404448627101
0.647594186741509,0.07463838394250898
0.6476030046936782,-0.002210180195145761
0.6476322602465243,0.006328546801324889
0.6476373016544192,0.06613227915926725
0.6476523031893756,0.014871737662065865
0.6476628609339751,0.05760019115526325
0.6476662469460701,0.023417437138622047
0.6476756079329696,0.03196433076646275
0.6476759144683363,0.04905764725749709
0.6476794062790313,0.04051141547238933
0.6478930538260137,0.10866790412661448
0.6484675982563118,0.11653876402307627
0.6492707378198587,-0.06848755533435516
0.6492707378198587,0.12448755533435515
0.6496736315053673,-0.040343214027370906
0.6496811168675303,-0.04899379629232042
0.649817217383496,-0.03189281925333931
0.6498953179554794,0.09566281860335084
0.6499343266632047,-0.023468841168547704
0.649972175185588,0.08725698690171028
0.6500009566689592,-0.014985735738393124
0.6500087884677143,0.10421867600315743
0.6500477598297919,-0.006467149373539752
0.6500541803670857,0.0788544295051544
0.6500830881888252,0.0020659615244672446
0.6500981192063999,0.07038082549651259
0.6501080416593427,0.01060567294870952
0.6501247234685937,0.06186339596334794
0.6501258236445614,0.01914878322117469
0.6501386144335337,0.027693699291391496
0.650141069436337,0.05332728208670917
0.6501464884696234,0.036239108899772075
0.6501477641977593,0.04478419907869072
0.6503355809826072,-0.06368312350013347
0.6503470903982571,-0.05806881368279758
0.6506402074356396,0.12006923941968624
0.6508416043810585,0.11304254994611476
0.6520537511119515,-0.044442213021973834
0.6521612959467273,-0.05324483235997243
0.6522227954021523,-0.03601194050868396
0.652354349723053,0.09976758991098533
0.6523729677365668,-0.02766281098087412
0.6524276970233159,0.09137495118926317
0.652444561422668,-0.019220400945910137
0.6524912494816251,-0.010719085316502685
0.6525253642066762,0.08304680764530911
0.6525308473178065,-0.0021931586989501687
0.6525609989777188,0.006342560456608686
0.6525666928948735,0.07461790199017221
0.6525830461779996,0.014882686413727201
0.6525888094180299,0.06612121783308429
0.6525948138361489,0.10847562655725783
0.6525992316953145,0.023425180853957145
0.6526057160597816,0.05759389248988152
0.6526110089082601,0.031968671095363804
0.6526152182928444,0.04905479591172991
0.6526167936224149,0.040512104017321346
0.6539016994374948,-0.06710565162951536
0.6539016994374948,0.12310565162951535
0.6541662667420874,0.11764176013044529
0.654291301095006,-0.06199896645213955
0.6543992619792458,-0.048504688939672524
0.6546113925576832,-0.04006967479453922
0.6547869533434496,0.10387950103646898
0.6548188118478858,-0.03182573735757301
0.6548756351144787,0.09544837825751691
0.6548780462943525,-0.05726712526446239
0.654896880601432,-0.023441234756216855
0.6549372469963525,-0.014965234525973422
0.6549759924904575,-0.006449062799494335
0.6550099215837591,0.08721240366584511
0.6550109795387655,0.0020825660717881983
0.6550376130607857,0.010619529881870473
0.655048381049436,0.07884175765682193
0.655057637901302,0.019159167736765882
0.6550591807042964,0.07037313309976584
0.6550710478975365,0.061857589080844586
0.655072892486156,0.027700394427400556
0.65508188388647,0.05332307200292046
0.6550831553752925,0.036241793061215076
0.6550862173449641,0.04478298210856332
0.6552360511696388,0.11287593560828149
0.6568024394893144,-0.05241156701848988
0.6569616999786597,-0.04404733983600925
0.6571759544303889,0.10800537999365316
0.6572707530954842,-0.03595081271558233
0.6572887565860283,0.09947329877805268
0.6573633945394559,-0.027644693016550505
0.6573914129954732,-0.019204211079256166
0.6574210708190398,-0.010702548173464244
0.6574577514543217,-0.0021746219226087267
0.6574893692165136,0.006359548656525443
0.6575043119438484,0.09135084451763661
0.6575137553838115,0.014896162107328477
0.6575322660067828,0.02343459901897793
0.6575399130805913,0.06611921543830457
0.6575412085261979,0.07461883292492028
0.6575468068090179,0.031973709906047684
0.6575479288884825,0.08305176762756035
0.6575480846904567,0.05758940468117666
0.6575546577108539,0.049051650778888095
0.6575546729920079,0.04051262007636693
0.6584604887042536,-0.06550162426854149
0.6584604887042536,0.12150162426854147
0.6586967557135286,0.11678271518548089
0.658718506487093,-0.06082640398011323
0.6592785083409053,-0.047875643250235286
0.6593519964727499,-0.056195059309651636
0.6595977613247204,0.11199762073191549
0.659615303888713,0.10343766619784324
0.6597208957733399,-0.04003314276255918
0.6598478496559055,-0.03182811108504785
0.6598604682161379,-0.02343366715698769
0.6598713584343254,-0.014954533088207891
0.6599011746156435,-0.006430318810781637
0.6599378268144358,0.002102710293619628
0.6599670581950262,0.01063655153514343
0.6599895895178708,0.01917176467756217
0.6599946922490351,0.09546653881757317
0.6600075647742848,0.027708231517211534
0.6600145518214118,0.06185518428361387
0.660017175815841,0.07038030993968261
0.6600205002235312,0.03624445592549078
0.6600219710335878,0.05331839839990723
0.6600250166884483,0.0447809816590096
0.6600404983943627,0.0788584276116666
0.6600667717245929,0.08725024664284903
0.661600700521019,-0.05153771778727777
0.661883942740916,0.10726029333192125
0.6621763651628497,-0.04404973751213192
0.6623346830274,-0.01920566423937085
0.6623442877876462,-0.010687001319889217
0.6623493410878812,-0.03599244809264561
0.6623503460610264,-0.02765010270415781
0.6623820049710083,-0.002151724322739742
0.6624173686931156,0.0063805249547571495
0.6624447618272566,0.01491253942042825
0.6624564765575269,0.09956908526946748
0.6624656845496166,0.02344567051293654
0.6624834843574899,0.031979103837978105
0.6624841698931963,0.06612314323880081
0.662487798650407,0.057584306457767645
0.662493350759617,0.040512233107359345
0.6624939486231197,0.049047056529586505
0.6625091517520365,0.07464322513576678
0.6625606688490754,0.08309290408954759
0.6625989252241371,0.09144583437438199
0.6629364583565694,-0.06367921953165828
0.6629364583565696,0.11967921953165825
0.6633129376747493,-0.059261780336544265
0.6633360682601293,0.11521990977684828
0.6639184033597125,-0.055039146104869645
0.6640937616501978,0.11091299906726239
0.664613431167256,-0.04801395969912051
0.6647938617132358,-0.014947613707385031
0.6648200530312697,-0.006406124612708188
0.6648203632963843,-0.023456283804330697
0.6648577316663444,0.10365916079134942
0.6648625634280909,-0.031848507969596554
0.664863669596629,0.002128001651405865
0.6648684651117899,-0.040139452271910306
0.6648967739470312,0.010657413450718413
0.664922159598406,0.019186552895041845
0.6649431603131847,0.02771692626919002
0.6649515126258034,0.06185201072976994
0.6649591156761147,0.0362464828994588
0.6649608248484661,0.05331148292252863
0.664962337616743,0.07039727565179008
0.6649643731063645,0.044777018347103625
0.6650223172183861,0.07891168987253278
0.6650991373867824,0.08732456710051664
0.6651259797594133,0.09566029375316111
0.6670802735504443,-0.05196006493368153
0.66724496569746,0.10777923784282471
0.6672552557365949,-0.010664596899508872
0.6672597252518164,-0.01921524278834459
0.667303666874424,-0.0021220957541675297
0.6673191545599241,-0.061642693729570416
0.6673191545599242,0.11764269372957036
0.6673375695381721,-0.027706684887437077
0.6673455849254808,0.006406717710227813
0.6673768594647508,0.014931875490559387
0.6673915988091207,-0.03601829125648215
0.667399975923643,0.02345787383546598
0.6674012623378162,-0.04430816754446531
0.6674155199259885,0.06612605458043372
0.6674217915172681,0.03198448080194024
0.6674240665185859,0.05757598268747235
0.6674332297714346,0.04903914098215601
0.667433530934895,0.04050996431904627
0.6674558433795301,0.07468313953164825
0.6675612539867873,0.08319169866553534
0.6676285554700895,0.09993453403690979
0.6676395999815851,0.09155724905723561
0.6680567608068708,-0.05685848601124002
0.6681160971992431,0.11280594111188451
0.6696957476586849,-0.014931210534425674
0.6697321304091238,-0.006373625493033917
0.6697532412453715,-0.023493762982870654
0.6697893286260616,0.0021606870586153583
0.6698278209915857,0.010682527799144352
0.6698525193260839,-0.048634134164389844
0.6698561903044299,0.019202468635722558
0.6698801929705259,0.02772592924242691
0.6698804949978937,0.06184471297481469
0.6698853163950295,0.07041210538498321
0.6698934988627526,-0.031956089174651946
0.6698985142409368,0.05329930115639865
0.6699000074267932,0.03624755773335024
0.6699050350682096,0.04476946772575721
0.6699065391090936,-0.04015797125299198
0.6699712750365671,0.07898910729566395
0.6699953448252813,0.10441078291922119
0.6701247862149989,0.08749237628328155
0.6701404846602895,0.09579535234935009
0.6715983413242606,-0.05939680326265183
0.6715983413242607,0.11539680326265177
0.6716247340385195,-0.053736282853773125
0.6716813848692361,0.10965072346540723
0.6721523461128291,-0.01920877951738468
0.6721534370799708,-0.010633290066842629
0.6722235092254931,-0.0020818044631811055
0.6722756673018598,0.006439523018381907
0.6722866509094478,-0.027789391780287668
0.6723117627778615,0.014952440734168878
0.6723322625393152,0.06612465614839332
0.672335339402571,0.023469865138880438
0.6723429698022527,-0.04428648914772855
0.6723566169484151,0.0575596024768681
0.6723624870213543,0.03198964987626065
0.6723668857913969,0.07471640875264605
0.6723734700587491,0.04902500191476923
0.6723767271827371,0.04050558918106296
0.6724816074071546,-0.036210434329814155
0.6725134749811187,0.08332870307192773
0.6725231423536658,0.10005928097109645
0.6726983608312636,0.09182618447140437
0.6742717810179466,-0.04857151471944212
0.6743775259928336,0.1044568160046594
0.6745790253608083,-0.014906984910064784
0.6746353528574143,-0.023498310710095473
0.6746361028681399,-0.006326794090900584
0.6747171255928958,0.0022045824824870027
0.6747629122395468,0.010709384416099912
0.6747863648401504,0.0704235366496389
0.6747924083560891,0.019216833935917648
0.6747995447583046,0.0618260709206768
0.6748186193025866,0.027734464282705127
0.6748362857445201,0.05327631890703715
0.6748443232386994,0.036248054420427285
0.6748491808504046,0.04475817776990899
0.6748638453854671,0.07904562557009928
0.6748682566533639,-0.03211846375565147
0.6750502280126599,-0.040496136584997046
0.6750829193748882,0.0877244683931744
0.6752229250208486,0.09622168940011791
0.6757640244106132,-0.056946793512152136
0.6757640244106133,0.11294679351215206
0.6757962545309658,-0.05233615397138883
0.675840529381774,0.10828139708804273
0.6770232548856919,-0.0191982284957564
0.6770345832635074,-0.010585021738565235
0.6771438786652828,-0.0020218020980165285
0.6771507147117858,-0.027799468277602664
0.6772126811060388,0.006475483015177326
0.6772299787219195,0.06610898891502874
0.6772500779350566,0.07474850785241582
0.6772515959827898,0.014969943214227654
0.6772708307947436,0.023479467119691955
0.6772863827850023,0.05752438100910366
0.6773058928834931,0.03199473062603266
0.6773185019275489,0.04900452700145543
0.6773249561934188,0.040500172992615185
0.6773749903042813,0.08340486144921908
0.6774498577014019,-0.04491978061833931
0.6774875605957507,-0.0365220153500368
0.6775656909294445,0.10075436739971991
0.6776637051137117,0.09221990847552955
0.6794363109730254,-0.01486460139270305
0.6794909692292208,-0.0492458684656576
0.6794989423777203,-0.023509304956378204
0.6795295763485711,-0.0062469281403433954
0.679550453076863,0.10517759311274985
0.6796561047550551,0.002255308918488355
0.6796587050314953,0.07041829452933816
0.6796903904863382,-0.03210574158601812
0.6797052870913723,0.010731568611075134
0.6797060284761955,0.061775581946797914
0.679728742829673,0.07910572289877034
0.6797304955396105,0.01922541287215202
0.679757174309866,0.02774172361877569
0.679781052148558,0.05324229941213134
0.679792830417112,0.036249032467438914
0.6797996878042464,0.04474518796877486
0.6798064746731156,-0.05429838658936562
0.6798064746731156,0.11029838658936562
0.6798874826005057,0.08778980935415663
0.6800356254316251,-0.041112905205244354
0.6801571165065001,0.09690984924436917
0.6818599091296854,-0.019170787235948696
0.6818889202418722,-0.010483227450469713
0.6820186063672639,-0.027840666263239198
0.6820797162914405,-0.0019476306168933091
0.6820958216460391,0.07476225310358679
0.6820997249526486,0.06604022443584691
0.6821632805396078,0.006505170086453664
0.6821978700118722,0.014977958814802742
0.6822031445483883,-0.03638274035362899
0.6822032574187163,0.02348401851364636
0.6822250368651137,0.057470086318228863
0.682228619242135,0.08349730574581196
0.6822515687914696,0.03200021314166001
0.6822736728782569,0.04898134365951755
0.6822800613474558,0.04049570324245226
0.6823570110122897,0.09215546800741994
0.6825984431015167,-0.045872388739469715
0.6826561105043294,0.10177477389988752
0.6837162507818711,-0.05145776797137542
0.6837162507818711,0.10745776797137542
0.6842462819473043,-0.014730145148376592
0.6843206358022483,-0.023510535257623474
0.684429929993351,-0.006144679615705157
0.6844833151563159,0.07031941499462198
0.6844859809641559,-0.040481873170770996
0.6845500187856444,0.07915019791206208
0.684590461826759,0.09634078354414088
0.6845980652106961,-0.03217896119922744
0.6846156316668417,0.06169596519786123
0.6846185647146934,0.0022999022126648323
0.6846564304598031,0.010739861609036028
0.6846680995155051,0.019223027959370486
0.6846928156687868,0.02774726639810011
0.6847426095930469,0.05320312599560674
0.6847455360530514,0.03625186512315801
0.684758506712296,0.04473376314619463
0.6847659222649295,0.08790605453670362
0.6866165636121061,-0.018970418242887952
0.6866318028459344,-0.04403128899435111
0.6866789564209589,0.09995979757543441
0.6867468733513147,-0.010355433040521193
0.6868430956129099,-0.02789509931789603
0.6868625943799185,0.07459849532279611
0.6869699133073367,0.06593330082443245
0.687042216424592,0.08359333566845331
0.6870505716202481,-0.0018762450084114544
0.6871258940345479,0.023481146740373115
0.6871327261663732,0.006515357928057772
0.6871508310208427,0.01496922561396155
0.687188135873209,0.05740633040821673
0.6871984833494168,0.032006900694809104
0.6872433202053031,0.04896083578596042
0.6872434014450345,0.04049403720184761
0.6872681420352801,-0.036439151630438364
0.6873815134801246,0.09224818747939759
0.687484221273617,-0.0484315720545849
0.6874842212736171,0.10443157205458481
0.6889947205197274,-0.023168238021325
0.6890772312349008,-0.01457019055933579
0.6892285166836504,0.07884328916723862
0.6893241394236552,0.07017447117148452
0.6893490745880008,-0.006047237925901141
0.6894985613188852,-0.03232359630214672
0.6895418860836269,0.06160695659946495
0.6896000056431233,0.01920490339535184
0.6896135454784027,0.010724148772627668
0.6896165200858476,0.0023218344434775638
0.6896205835735851,0.02775160708453727
0.6896411137470161,0.08809539004473521
0.6897017066069332,0.03625733315685807
0.6897250994961335,0.04472656089067217
0.6897298467130297,0.053166594928832626
0.6898149395471427,-0.04045457991509085
0.6898779787563429,0.09636633272755091
0.6911015858786796,-0.045226866659777404
0.6911015858786798,0.10122686665977733
0.6913667140454406,-0.02725542177636244
0.6914454839190991,-0.018753443178616533
0.6915635060395389,0.0829881770070835
0.6916221490050574,-0.01025404407803238
0.6916926840521718,0.07438767730738997
0.691857436362252,0.0658325013435181
0.692027090946768,0.02347019408428416
0.6920762727054645,-0.0018235158995277617
0.692109647822371,0.014938362876733852
0.6921229148829967,0.00649049949516611
0.6921462232615472,0.03201538335168599
0.6921889311984557,0.057342288322457184
0.6922163270428985,0.040494516472734984
0.6922290856067489,0.04894857062803698
0.6924921545623188,-0.03672263830344763
0.6925528681751558,0.09260134565908337
0.6937103366420561,-0.031115796266419027
0.6938377387706877,0.08692382802190997
0.6938512541434751,-0.0228525118307091
0.6939559168024646,-0.014476991485902615
0.6940720759053438,0.07852745838709674
0.6942121768320437,0.0700711055343044
0.6942746829697272,-0.005972639025204644
0.6944783771364219,0.06152275759848814
0.6945178216448785,0.01916966429162421
0.6945344623319145,0.027757044523203142
0.694559896074412,-0.04185113652489375
0.6945598960744122,0.09785113652489366
0.6945651968085442,0.010677170801031474
0.6946606010548215,0.0362620669688301
0.6946635024794695,0.0023013199593861326
0.6946937768049984,0.04472384113329597
0.6947511871146586,0.05314063669209495
0.6961843046674058,-0.03436993196092502
0.6962257206047956,0.0902772495909657
0.6962959444824928,-0.026808499928543728
0.6963844254267018,-0.018665036478705096
0.6964581533839382,0.08254996271178903
0.6964886364137007,-0.010210482765273603
0.6966281328197084,0.07428278794990072
0.6967406578160902,0.06576581356124826
0.6968891049295549,0.02345538664955284
0.6970745233912784,0.014889251193577308
0.6970990543527533,0.03202091812066274
0.6971275710839214,0.006413569116079464
0.6971877244760069,-0.0018029897730200554
0.6972006152778522,0.040490140143057525
0.6972277684187085,0.04895112999449437
0.6972436122762767,0.05728203039847735
0.6978510748171101,-0.03831226582407955
0.6978510748171101,0.09431226582407952
0.6988483784446095,-0.01448557129569301
0.6988981043707131,-0.030438496576643624
0.6989007523312771,-0.02276322561598965
0.6989649663039132,0.08632604075379909
0.6990942894649864,0.0784311482538432
0.6991150364931055,0.07004619893163772
0.6991648403756907,-0.005932747894940403
0.6993961460796031,0.06144764215011822
0.6994114846290076,0.019129060907015518
0.699432258876239,0.027760430281585813
0.6994813440404711,0.010605862846727055
0.6996209505585613,0.036253179775187855
0.6996470856847716,0.044721017942155473
0.6997763810990856,0.0022090960706221984
0.6998183349010147,0.0531359965987922
0.7009674354063222,-0.0346185197538314
0.7009674354063222,0.09061851975383135
0.7013016247587369,-0.01025459196892298
0.7013744707223352,-0.018731179047737138
0.7015618197559158,-0.02660946161105822
0.7015738808999055,0.06574704722318693
0.7016058335840782,0.07430699718881943
0.7016405156668817,0.08246014668311964
0.7016935803749244,0.023434559542528648
0.7020531730748755,0.014861613124534758
0.702070607508819,0.03200702382922086
0.7021148972195539,0.006281799310030772
0.7021991780651139,0.040461916986815644
0.7022250607150174,0.04897357459193806
0.7023839049470151,0.05723146232662741
0.7024449721568546,-0.001848234013995649
0.7037093646001621,-0.014663274085204745
0.7039016994374947,-0.030778525229247327
0.7039016994374947,0.08677852522924731
0.7039232303422256,-0.00596799849638843
0.7039869415206951,0.07010414364047929
0.7040975504175394,-0.022698163304110387
0.7041864463474036,0.0785089436128948
0.7042346164826592,0.06138905258311459
0.7042880971933743,0.019078731759969395
0.7042942442156507,0.010598553012439548
0.7043175181971681,0.02775542203457037
0.7045439842869877,0.04469166361099601
0.7045779571329758,0.036203023411335265
0.7049449520015648,0.05317507568685519
0.7049508885186898,0.002003909054660285
0.7059931985010895,-0.010574394820983735
0.7063074155144632,0.06579175633959432
0.7064076371535671,0.02339796632763094
0.7064800680879808,-0.018682907462770463
0.7065710167265903,0.07445250126561243
0.7066470138010227,-0.026801250735467002
0.7066470138010227,0.082801250735467
0.7069719171530084,0.006252313203994648
0.7070956442899405,0.031973424321004064
0.7071187163915517,0.014876848899681933
0.7071716238650659,0.04900893443158894
0.7072243979360681,0.040330974423731285
0.707670248556674,0.05722590244856186
0.707929320126167,-0.00214050914659732
0.7082834358099153,-0.006453461035468984
0.7087216342446047,-0.014567422043094134
0.7087866427995562,0.07030398882894405
0.7088715448838276,0.06136677479931107
0.708965471330236,0.010676387708508421
0.70915629293577,0.019012784511270666
0.7091818026060518,0.02779981197016455
0.7091969666880049,-0.022695985381359075
0.7091969666880049,0.07869598538135904
0.7092801388876402,0.04453521451388945
0.709551879629574,0.03603374028955728
0.7099712353720046,0.0019560815021320063
0.7101166247893843,0.05330319305559147
0.7108698455833039,0.06608196942540712
0.7109262927240404,-0.010336378881426337
0.7109358610335831,0.023497800481237965
0.711545602565321,-0.018472317204376917
0.711545602565321,0.07447231720437686
0.7117054974424808,0.0061806005890626065
0.7119219372022936,0.04894549689836684
0.7122988582677613,0.03182068793539991
0.7123078806234938,0.03998628020772199
0.7123876240993843,0.014882184491658389
0.712542931879732,-0.005624177933940509
0.7129981246193887,0.06175248381049111
0.7131805606348056,0.05742849356549741
0.713309181200587,0.010528636949309781
0.71347077714811,-0.0014946427640177662
0.7136874360850545,-0.014140110777252964
0.7136874360850546,0.07014011077725288
0.7136969017052683,0.04425396636054675
0.713865760147061,0.01919288613291085
0.7140928747043108,0.0278746154639548
0.7145135917692695,0.035534309927099265
0.7151278661250042,0.053239936970172645
0.7151731857331746,0.0026926227976919364
0.7152801527748913,0.023588777598657212
0.7156174648957776,-0.009709484168832081
0.7156174648957776,0.06570948416883204
0.7164599142795134,0.04873434363186686
0.716611223851658,0.0071935042649859515
0.7173311813257743,-0.005190785312852815
0.7173311813257743,0.06119078531285282
0.7173472137088496,0.01213935323649495
0.7173865909736286,0.03974997719578981
0.7176500582891269,0.01643193489557908
0.7177584234580838,0.044122527518741836
0.7179065022179363,0.030899698268450803
0.718761090735386,0.021008773709612107
0.7188135336480838,0.03524573347517854
0.7188245829109167,-0.0005945678398688317
0.7188245829109167,0.05659456783986883
0.7189673053062252,0.026283803986469446
0.7200941817426052,0.0040684335712441455
0.7200941817426052,0.05193156642875578
0.7211370126139414,0.008787328264629204
0.7211370126139414,0.04721267173537084
0.7219506399451051,0.013551095043077804
0.7219506399451051,0.042448904956922134
0.7225331634717649,0.01834860790854845
0.7225331634717649,0.03765139209145151
0.7228832226832327,0.023168662047449256
0.7228832226832327,0.03283133795255071
0.723,0.028
